Model,MAE,RMSE,MBE,Predictions
LinearRegression,1.8195280331107333,4.257018109080047,0.05224237914928495,2734
Ridge,1.7594532442072564,4.147882930610804,0.04469428428964399,2734
RandomForest,0.9043715921945404,1.305236754974505,0.007374941147498316,2734
CatBoost,0.8260885688255581,1.2307673881959809,0.005830103275157736,2734
